{"Michelle &amp; I are praying for the victims in Las Vegas. Our thoughts are with their families &amp; everyone enduring another senseless tragedy.": {"compound": -0.6369, "neg": 0.238, "neu": 0.674, "pos": 0.089, "1_gram": 4.2753159267245575, "2_gram": 7.459722762540023, "3_gram": 10.530998285224179, "4_gram": 12.556819262453788, "charc": 146, "wordc": 23, "excc": 0, "quesc": 0, "quotec": 0, "captc": 0}}