{"The pain of the senseless slaughter of human beings is overwhelming. Surely our great nation can do better. We can\u2019t accept this as normal.": {"sentiment_analysis_weight": {"neg": 0.095, "neu": 0.546, "pos": 0.359, "compound": 0.8481}, "1_gram": 9.041111023822808, "2_gram": 17.073601357990444, "3_gram": 24.661647247713624, "4_gram": 32.18389227163594}}