{"the pain of the senseless slaughter of human beings is overwhelming. surely our great nation can do better. we can\u2019t accept this as normal.": {"sentiment_analysis_weight": {"neg": 0.095, "neu": 0.546, "pos": 0.359, "compound": 0.8481}, "1_gram": 9.07107577117886, "2_gram": 17.133530852702545, "3_gram": 24.751541489781786, "4_gram": 32.30375126106016}}