{"We must come together to address the senseless gun violence plaguing our nation, because if we do nothing, nothing will change.": {"sentiment_analysis_weight": {"neg": 0.255, "neu": 0.745, "pos": 0.0, "compound": -0.7579}, "1_gram": 5.257110462582178, "2_gram": 9.99697954585401, "3_gram": 14.61230650458372, "4_gram": 18.47763346331343}, "Gave my family an extra hug today and praying for anyone who lost a loved one or was injured by the horrific events in Las Vegas last night.": {"sentiment_analysis_weight": {"neg": 0.236, "neu": 0.526, "pos": 0.238, "compound": 0.0258}, "1_gram": 7.327940232795472, "2_gram": 13.955880465590932, "3_gram": 20.312392126957832, "4_gram": 26.48336919712977}}