{"spoke to my friend jim murren, so proud of the men and women at mgm resorts. HASH_TAG": {"sentiment_analysis_weight": {"neg": 0.0, "neu": 0.676, "pos": 0.324, "compound": 0.8015}, "1_gram": 8.689736938812658, "2_gram": 16.35383285198429, "3_gram": 23.007619486805407, "4_gram": 28.58997755019795}, "how long do we let gun violence tear families apart? enough. congress &amp; the wh should act now to save lives. there's no excuse for inaction.": {"sentiment_analysis_weight": {"neg": 0.304, "neu": 0.568, "pos": 0.128, "compound": -0.7351}, "1_gram": 8.361865506098427, "2_gram": 15.523731012196848, "3_gram": 22.16476318496194, "4_gram": 27.69468424661594}, "appalled by the senseless loss of life in las vegas. jill and i hold all those affected and grieving in our hearts.": {"sentiment_analysis_weight": {"neg": 0.375, "neu": 0.625, "pos": 0.0, "compound": -0.8481}, "1_gram": 6.579527579140881, "2_gram": 11.992388491615097, "3_gram": 17.247991339573183, "4_gram": 22.48068778359038}}