{"Our nation just suffered the deadliest mass shooting in modern U.S. history. What will it take to get real action o\u2026 URL": {"compound": -0.4939, "neg": 0.144, "neu": 0.856, "pos": 0.0, "1_gram": 7.719015711378907, "2_gram": 15.38616551510443, "3_gram": 21.942204207718845, "4_gram": 27.248242900333256, "charc": 120, "wordc": 23, "excc": 0, "quesc": 0, "quotec": 0, "captc": 1}, "I agree with Richard Painter's point. If you have power to make things better, you must act to make things better -\u2026 URL": {"compound": 0.8074, "neg": 0.0, "neu": 0.684, "pos": 0.316, "1_gram": 6.2846495205771955, "2_gram": 12.50423665256259, "3_gram": 17.89049045121464, "4_gram": 22.72411267091934, "charc": 120, "wordc": 23, "excc": 0, "quesc": 0, "quotec": 0, "captc": 0}, "America\u2019s gun industry profits from gun violence; uses portion of profits to lobby Gov't, push pliant candidates, s\u2026 URL": {"compound": -0.4588, "neg": 0.32, "neu": 0.432, "pos": 0.248, "1_gram": 8.17345365741561, "2_gram": 16.20229947169397, "3_gram": 24.154222209049248, "4_gram": 31.06069040094999, "charc": 120, "wordc": 21, "excc": 0, "quesc": 0, "quotec": 0, "captc": 0}, "America\u2019s gun industry profits from gun violence URL": {"compound": -0.7184, "neg": 0.563, "neu": 0.253, "pos": 0.184, "1_gram": 1.2296894282188398, "2_gram": 2.314771013300425, "3_gram": 3.3159365144659265, "4_gram": 4.226192924722338, "charc": 52, "wordc": 9, "excc": 0, "quesc": 0, "quotec": 0, "captc": 0}, "Hillary Clinton is absolutely correct to point out the Gun Lobby's profit motive by opposing gun safety laws URL": {"compound": 0.25, "neg": 0.187, "neu": 0.547, "pos": 0.266, "1_gram": 9.54554001946094, "2_gram": 18.071472195784626, "3_gram": 25.09740437210831, "4_gram": 31.570704969484634, "charc": 112, "wordc": 20, "excc": 0, "quesc": 0, "quotec": 0, "captc": 0}}