{"our nation just suffered the deadliest mass shooting in modern u.s. history. what will it take to get real action o\u2026 URL": {"sentiment_analysis_weight": {"neg": 0.144, "neu": 0.856, "pos": 0.0, "compound": -0.4939}, "1_gram": 7.721630090463874, "2_gram": 15.388779894189398, "3_gram": 21.944818586803812, "4_gram": 27.250857279418224}, "i agree with richard painter's point. if you have power to make things better, you must act to make things better -\u2026 URL": {"sentiment_analysis_weight": {"neg": 0.0, "neu": 0.684, "pos": 0.316, "compound": 0.8074}, "1_gram": 6.287263899662163, "2_gram": 12.506851031647557, "3_gram": 17.893104830299606, "4_gram": 22.726727050004307}, "america\u2019s gun industry profits from gun violence; uses portion of profits to lobby gov't, push pliant candidates, s\u2026 URL": {"sentiment_analysis_weight": {"neg": 0.32, "neu": 0.432, "pos": 0.248, "compound": -0.4588}, "1_gram": 8.176068036500578, "2_gram": 16.204913850778937, "3_gram": 24.156836588134215, "4_gram": 31.063304780034958}, "america\u2019s gun industry profits from gun violence URL": {"sentiment_analysis_weight": {"neg": 0.563, "neu": 0.253, "pos": 0.184, "compound": -0.7184}, "1_gram": 1.232303807303807, "2_gram": 2.3173853923853924, "3_gram": 3.318550893550894, "4_gram": 4.228807303807305}, "hillary clinton is absolutely correct to point out the gun lobby's profit motive by opposing gun safety laws URL": {"sentiment_analysis_weight": {"neg": 0.187, "neu": 0.547, "pos": 0.266, "compound": 0.25}, "1_gram": 9.548154398545908, "2_gram": 18.074086574869593, "3_gram": 25.10001875119328, "4_gram": 31.5733193485696}}