{"deeply, deeply moving words from survivors &amp; those who've lost loved ones to gun violence. you really need to watch\u2026 URL": {"sentiment_analysis_weight": {"neg": 0.287, "neu": 0.586, "pos": 0.127, "compound": -0.5994}, "1_gram": 5.995990407072883, "2_gram": 11.719758591923537, "3_gram": 16.860193443440853, "4_gram": 20.99031901660767}, ".@repjohnlewis knows our role in congress is to lead the charge for change, not follow in its wake. i couldn\u2019t agre\u2026 URL": {"sentiment_analysis_weight": {"neg": 0.0, "neu": 1.0, "pos": 0.0, "compound": 0.0}, "1_gram": 10.007236544777422, "2_gram": 18.992250867332626, "3_gram": 25.977265189887834, "4_gram": 32.88654318705734}, "let's be clear: there is a difference between the nra &amp; gun owners. many gun owners want common sense efforts to HASH_TAG.": {"sentiment_analysis_weight": {"neg": 0.187, "neu": 0.661, "pos": 0.152, "compound": -0.2263}, "1_gram": 6.7956208210123314, "2_gram": 13.2322672830503, "3_gram": 19.620142928276216, "4_gram": 24.89690746239102}, "republicans must allow a select committee on gun violence. they must allow us at least *look* for solutions. HASH_TAG": {"sentiment_analysis_weight": {"neg": 0.26, "neu": 0.52, "pos": 0.22, "compound": -0.4588}, "1_gram": 5.937200299700299, "2_gram": 11.515426240426244, "3_gram": 16.683395770895768, "4_gram": 21.33053196803196}, "congress has a duty to protect americans. we are failing in that mission. republicans must let us take action. HASH_TAG": {"sentiment_analysis_weight": {"neg": 0.144, "neu": 0.742, "pos": 0.114, "compound": -0.1779}, "1_gram": 5.1288327089429115, "2_gram": 10.132024392244794, "3_gram": 14.635216075546682, "4_gram": 18.902693473134285}, "democrats are urging our republican colleagues to take a stand to HASH_TAG. is that too much to ask?\u2026 https:/URL": {"sentiment_analysis_weight": {"neg": 0.0, "neu": 1.0, "pos": 0.0, "compound": 0.0}, "1_gram": 6.439779627477192, "2_gram": 11.857337032732163, "3_gram": 17.186432899525595, "4_gram": 20.515528766319026}, "i\u2019ve been very clear: where we can find common ground, we will work with the gop. when we cannot, we will stand our ground. HASH_TAG": {"sentiment_analysis_weight": {"neg": 0.0, "neu": 0.892, "pos": 0.108, "compound": 0.4391}, "1_gram": 6.845476183360383, "2_gram": 13.619856795625196, "3_gram": 19.394237407889992, "4_gram": 24.636359955638675}, "expanding background checks are common sense. americans know it. @speakerryan, it\u2019s time for a vote. HASH_TAG https:/URL": {"sentiment_analysis_weight": {"neg": 0.0, "neu": 1.0, "pos": 0.0, "compound": 0.0}, "1_gram": 6.67300061050061, "2_gram": 12.323778998779002, "3_gram": 16.92455738705739, "4_gram": 20.499694749694743}, "bob &amp; amber, from the bottom of my heart, thank you for having the strength to share your story tonight. HASH_TAG HASH_TAG": {"sentiment_analysis_weight": {"neg": 0.0, "neu": 0.706, "pos": 0.294, "compound": 0.7845}, "1_gram": 8.446755064365266, "2_gram": 15.867869103089507, "3_gram": 23.2411198939505, "4_gram": 28.614370684811487}, "the families of victims of gun violence deserve more than empty words from republicans in congress. HASH_TAG\u2026 https:/URL": {"sentiment_analysis_weight": {"neg": 0.42, "neu": 0.58, "pos": 0.0, "compound": -0.8714}, "1_gram": 3.8050450240590465, "2_gram": 7.579247136240696, "3_gram": 11.244625719010585, "4_gram": 14.866181457957628}, "tomorrow, my colleagues and i will honor those lost in HASH_TAG &amp; call for a renewed effort to HASH_TAG. https://URL": {"sentiment_analysis_weight": {"neg": 0.102, "neu": 0.756, "pos": 0.142, "compound": 0.2263}, "1_gram": 4.235022065563302, "2_gram": 8.11448857557105, "3_gram": 11.872526514150223, "4_gram": 15.104923427088375}, ".@speakerryan, it\u2019s time for action. congress must create a select committee on gun violence. https://t.co/ycpmoukjkg": {"sentiment_analysis_weight": {"neg": 0.301, "neu": 0.602, "pos": 0.097, "compound": -0.6597}, "1_gram": 4.583837901229206, "2_gram": 7.667675802458412, "3_gram": 10.617585132259043, "4_gram": 13.485554662728571}, "we will never waver in our love and support for the people of HASH_TAG &amp; the families of the victims of this attac\u2026 hURL": {"sentiment_analysis_weight": {"neg": 0.076, "neu": 0.695, "pos": 0.228, "compound": 0.6808}, "1_gram": 4.182651370561388, "2_gram": 7.848061361812434, "3_gram": 10.465852305444429, "4_gram": 12.702690868124035}, "horrified and heartbroken by the awful tragedy in HASH_TAG last night. praying for those lost, wounded &amp; waiting for news from loved ones.": {"sentiment_analysis_weight": {"neg": 0.439, "neu": 0.401, "pos": 0.16, "compound": -0.9022}, "1_gram": 6.40649503752952, "2_gram": 11.56299007505904, "3_gram": 16.530596223699675, "4_gram": 20.421279295417214}}