{"deeply, deeply moving words from survivors &amp; those who've lost loved ones to gun violence. you really need to watch\u2026 URL": {"compound": -0.5994, "neg": 0.287, "neu": 0.586, "pos": 0.127, "1_gram": 5.993376027987916, "2_gram": 11.71714421283857, "3_gram": 16.857579064355885, "4_gram": 20.987704637522704, "charc": 124, "wordc": 22, "excc": 0, "quesc": 0, "quotec": 0, "captc": 0}, ".@repjohnlewis knows our role in congress is to lead the charge for change, not follow in its wake. i couldn\u2019t agre\u2026 URL": {"compound": 0.0, "neg": 0.0, "neu": 1.0, "pos": 0.0, "1_gram": 10.004622165692455, "2_gram": 18.98963648824766, "3_gram": 25.974650810802867, "4_gram": 32.883928807972374, "charc": 120, "wordc": 23, "excc": 0, "quesc": 0, "quotec": 0, "captc": 0}, "let's be clear: there is a difference between the nra &amp; gun owners. many gun owners want common sense efforts to HASH_TAG.": {"compound": -0.2263, "neg": 0.187, "neu": 0.661, "pos": 0.152, "1_gram": 6.7956208210123314, "2_gram": 13.2322672830503, "3_gram": 19.620142928276216, "4_gram": 24.89690746239102, "charc": 126, "wordc": 23, "excc": 0, "quesc": 0, "quotec": 0, "captc": 0}, "republicans must allow a select committee on gun violence. they must allow us at least *look* for solutions. HASH_TAG": {"compound": -0.4588, "neg": 0.26, "neu": 0.52, "pos": 0.22, "1_gram": 5.937200299700299, "2_gram": 11.515426240426244, "3_gram": 16.683395770895768, "4_gram": 21.33053196803196, "charc": 117, "wordc": 19, "excc": 0, "quesc": 0, "quotec": 0, "captc": 0}, "congress has a duty to protect americans. we are failing in that mission. republicans must let us take action. HASH_TAG": {"compound": -0.1779, "neg": 0.144, "neu": 0.742, "pos": 0.114, "1_gram": 5.1288327089429115, "2_gram": 10.132024392244794, "3_gram": 14.635216075546682, "4_gram": 18.902693473134285, "charc": 119, "wordc": 20, "excc": 0, "quesc": 0, "quotec": 0, "captc": 0}, "democrats are urging our republican colleagues to take a stand to HASH_TAG. is that too much to ask?\u2026 URL": {"compound": 0.0, "neg": 0.0, "neu": 1.0, "pos": 0.0, "1_gram": 6.3871652483922245, "2_gram": 11.754722653647194, "3_gram": 16.083818520440627, "4_gram": 19.40260510888354, "charc": 105, "wordc": 19, "excc": 0, "quesc": 1, "quotec": 0, "captc": 0}, "i\u2019ve been very clear: where we can find common ground, we will work with the gop. when we cannot, we will stand our ground. HASH_TAG": {"compound": 0.4391, "neg": 0.0, "neu": 0.892, "pos": 0.108, "1_gram": 6.845476183360383, "2_gram": 13.619856795625196, "3_gram": 19.394237407889992, "4_gram": 24.636359955638675, "charc": 132, "wordc": 26, "excc": 0, "quesc": 0, "quotec": 0, "captc": 0}, "expanding background checks are common sense. americans know it. @speakerryan, it\u2019s time for a vote. HASH_TAG URL": {"compound": 0.0, "neg": 0.0, "neu": 1.0, "pos": 0.0, "1_gram": 6.620386231415643, "2_gram": 12.221164619694033, "3_gram": 16.796301982331396, "4_gram": 19.37143934496875, "charc": 113, "wordc": 18, "excc": 0, "quesc": 0, "quotec": 0, "captc": 0}, "bob &amp; amber, from the bottom of my heart, thank you for having the strength to share your story tonight. HASH_TAG HASH_TAG": {"compound": 0.7845, "neg": 0.0, "neu": 0.706, "pos": 0.294, "1_gram": 8.446755064365266, "2_gram": 15.867869103089507, "3_gram": 23.2411198939505, "4_gram": 28.614370684811487, "charc": 126, "wordc": 22, "excc": 0, "quesc": 0, "quotec": 0, "captc": 0}, "the families of victims of gun violence deserve more than empty words from republicans in congress. HASH_TAG\u2026 URL": {"compound": -0.8714, "neg": 0.437, "neu": 0.563, "pos": 0.0, "1_gram": 3.7524306449740794, "2_gram": 7.476632757155729, "3_gram": 11.116370314284591, "4_gram": 14.637926053231634, "charc": 113, "wordc": 18, "excc": 0, "quesc": 0, "quotec": 0, "captc": 0}, "tomorrow, my colleagues and i will honor those lost in HASH_TAG &amp; call for a renewed effort to HASH_TAG. URL": {"compound": 0.2263, "neg": 0.107, "neu": 0.744, "pos": 0.149, "1_gram": 4.182407686478335, "2_gram": 8.011874196486081, "3_gram": 11.74427110942423, "4_gram": 14.966358744011865, "charc": 112, "wordc": 20, "excc": 0, "quesc": 0, "quotec": 0, "captc": 0}, ".@speakerryan, it\u2019s time for action. congress must create a select committee on gun violence. https://t.co/ycpmoukjkg": {"compound": -0.6597, "neg": 0.301, "neu": 0.602, "pos": 0.097, "1_gram": 4.605266472657778, "2_gram": 7.710532945315554, "3_gram": 10.681870846544754, "4_gram": 13.571268948442853, "charc": 117, "wordc": 19, "excc": 0, "quesc": 0, "quotec": 0, "captc": 0}, "we will never waver in our love and support for the people of HASH_TAG &amp; the families of the victims of this attac\u2026 URL": {"compound": 0.6808, "neg": 0.076, "neu": 0.695, "pos": 0.228, "1_gram": 3.702259213698643, "2_gram": 7.367669204949689, "3_gram": 9.985460148581684, "4_gram": 12.22229871126129, "charc": 123, "wordc": 24, "excc": 0, "quesc": 0, "quotec": 0, "captc": 0}, "horrified and heartbroken by the awful tragedy in HASH_TAG last night. praying for those lost, wounded &amp; waiting for news from loved ones.": {"compound": -0.9022, "neg": 0.439, "neu": 0.401, "pos": 0.16, "1_gram": 6.40649503752952, "2_gram": 11.56299007505904, "3_gram": 16.530596223699675, "4_gram": 20.421279295417214, "charc": 142, "wordc": 23, "excc": 0, "quesc": 0, "quotec": 0, "captc": 0}}