{"tragic news out of las vegas this morning. kelley and i send our prayers and deepest condolences to all those affected.": {"sentiment_analysis_weight": {"neg": 0.204, "neu": 0.796, "pos": 0.0, "compound": -0.5574}, "1_gram": 6.175263786883841, "2_gram": 11.017194240434355, "3_gram": 15.454362789222962, "4_gram": 19.614608261088488}, "praying for the victims and first responders in las vegas and our country right now. this shooting was a horrible and cowardly act.": {"sentiment_analysis_weight": {"neg": 0.291, "neu": 0.623, "pos": 0.087, "compound": -0.7096}, "1_gram": 3.910458664963271, "2_gram": 7.563341572350784, "3_gram": 10.195391146404965, "4_gram": 12.796597808581751}}