{"Tragic news out of Las Vegas this morning. Kelley and I send our prayers and deepest condolences to all those affected.": {"compound": -0.5574, "neg": 0.204, "neu": 0.796, "pos": 0.0, "1_gram": 6.175263786883841, "2_gram": 11.017194240434355, "3_gram": 15.454362789222962, "4_gram": 19.614608261088488, "charc": 119, "wordc": 21, "excc": 0, "quesc": 0, "quotec": 0, "captc": 0}, "Praying for the victims and first responders in Las Vegas and our country right now. This shooting was a horrible and cowardly act.": {"compound": -0.7096, "neg": 0.291, "neu": 0.623, "pos": 0.087, "1_gram": 3.910458664963271, "2_gram": 7.563341572350784, "3_gram": 10.195391146404965, "4_gram": 12.796597808581751, "charc": 131, "wordc": 23, "excc": 0, "quesc": 0, "quotec": 0, "captc": 0}}