{"Terrible tragedy in Las Vegas. Reports suggest largest mass shooting in US history. Please pray for victims and first responders.": {"sentiment_analysis_weight": {"neg": 0.333, "neu": 0.51, "pos": 0.156, "compound": -0.7351}, "1_gram": 5.256087847299906, "2_gram": 10.107413789837905, "3_gram": 14.80116397480015, "4_gram": 19.458406223254457}}