{"we have a moral obligation to do all that we can to end gun violence in america. URL": {"sentiment_analysis_weight": {"neg": 0.302, "neu": 0.698, "pos": 0.0, "compound": -0.7579}, "1_gram": 3.3796184648388703, "2_gram": 6.719773328145173, "3_gram": 9.863499620022901, "4_gram": 12.957225911900627}, "we were elected to lead. have courage. have the raw courage to make a down-payment on ending gun violence in america. we cannot wait.": {"sentiment_analysis_weight": {"neg": 0.198, "neu": 0.608, "pos": 0.195, "compound": -0.0258}, "1_gram": 8.416077982332872, "2_gram": 15.814914585355396, "3_gram": 22.71375118837793, "4_gram": 28.595346412090116}, "don\u2019t tell me this is about anything other than greed and money and fear. HASH_TAG": {"sentiment_analysis_weight": {"neg": 0.312, "neu": 0.688, "pos": 0.0, "compound": -0.7096}, "1_gram": 6.630481024188118, "2_gram": 12.73532102273521, "3_gram": 18.296682760412736, "4_gram": 23.502488942534708}, "don\u2019t tell me this is about protecting the second amendment when you won\u2019t stand up for the first amendment.": {"sentiment_analysis_weight": {"neg": 0.0, "neu": 0.829, "pos": 0.171, "compound": 0.5719}, "1_gram": 6.441948527615891, "2_gram": 11.88389705523178, "3_gram": 17.215700655311423, "4_gram": 22.205550232402587}, "if this were a fire, we would bring water. if this were a virus, we would send medicine. if this were a storm, we would give shelter.": {"sentiment_analysis_weight": {"neg": 0.094, "neu": 0.906, "pos": 0.0, "compound": -0.34}, "1_gram": 9.230295566502463, "2_gram": 17.317733990147786, "3_gram": 24.857553366174056, "4_gram": 31.89737274220032}, "after newtown, after aurora, after charleston and orlando and now las vegas, how many more must die? what is your blood price?": {"sentiment_analysis_weight": {"neg": 0.166, "neu": 0.834, "pos": 0.0, "compound": -0.6344}, "1_gram": 8.039512727149273, "2_gram": 14.912358787631865, "3_gram": 20.58520484811447, "4_gram": 25.891384241930407}, "this congress has failed the american people. HASH_TAG": {"sentiment_analysis_weight": {"neg": 0.32, "neu": 0.68, "pos": 0.0, "compound": -0.5106}, "1_gram": 1.7652140962485787, "2_gram": 3.4571681192370853, "3_gram": 4.965788808892257, "4_gram": 5.97440949854743}}