{"We have a moral obligation to do all that we can to end gun violence in America. URL": {"compound": -0.7579, "neg": 0.302, "neu": 0.698, "pos": 0.0, "1_gram": 3.377004085753903, "2_gram": 6.717158949060206, "3_gram": 9.860885240937934, "4_gram": 12.95461153281566, "charc": 84, "wordc": 18, "excc": 0, "quesc": 0, "quotec": 0, "captc": 0}, "We were elected to lead. Have courage. Have the raw courage to make a down-payment on ending gun violence in America. We cannot wait.": {"compound": -0.0258, "neg": 0.198, "neu": 0.608, "pos": 0.195, "1_gram": 8.416077982332872, "2_gram": 15.814914585355396, "3_gram": 22.71375118837793, "4_gram": 28.595346412090116, "charc": 133, "wordc": 25, "excc": 0, "quesc": 0, "quotec": 0, "captc": 0}, "Don\u2019t tell me this is about anything other than greed and money and fear. HASH_TAG": {"compound": -0.7096, "neg": 0.312, "neu": 0.688, "pos": 0.0, "1_gram": 6.630481024188118, "2_gram": 12.73532102273521, "3_gram": 18.296682760412736, "4_gram": 23.502488942534708, "charc": 82, "wordc": 16, "excc": 0, "quesc": 0, "quotec": 0, "captc": 0}, "Don\u2019t tell me this is about protecting the Second Amendment when you won\u2019t stand up for the First Amendment.": {"compound": 0.5719, "neg": 0.0, "neu": 0.829, "pos": 0.171, "1_gram": 6.441948527615891, "2_gram": 11.88389705523178, "3_gram": 17.215700655311423, "4_gram": 22.205550232402587, "charc": 108, "wordc": 21, "excc": 0, "quesc": 0, "quotec": 0, "captc": 0}, "If this were a fire, we would bring water. If this were a virus, we would send medicine. If this were a storm, we would give shelter.": {"compound": -0.34, "neg": 0.094, "neu": 0.906, "pos": 0.0, "1_gram": 9.230295566502463, "2_gram": 17.317733990147786, "3_gram": 24.857553366174056, "4_gram": 31.89737274220032, "charc": 133, "wordc": 27, "excc": 0, "quesc": 0, "quotec": 0, "captc": 0}, "After Newtown, after Aurora, after Charleston and Orlando and now Las Vegas, how many more must die? What is your blood price?": {"compound": -0.6344, "neg": 0.166, "neu": 0.834, "pos": 0.0, "1_gram": 8.039512727149273, "2_gram": 14.912358787631865, "3_gram": 20.58520484811447, "4_gram": 25.891384241930407, "charc": 126, "wordc": 22, "excc": 0, "quesc": 2, "quotec": 0, "captc": 0}, "This Congress has failed the American people. HASH_TAG": {"compound": -0.5106, "neg": 0.32, "neu": 0.68, "pos": 0.0, "1_gram": 1.7652140962485787, "2_gram": 3.4571681192370853, "3_gram": 4.965788808892257, "4_gram": 5.97440949854743, "charc": 54, "wordc": 8, "excc": 0, "quesc": 0, "quotec": 0, "captc": 0}}