{"mourning the loss of those killed in this horrible las vegas shooting and praying for the injured.": {"sentiment_analysis_weight": {"neg": 0.541, "neu": 0.374, "pos": 0.085, "compound": -0.9246}, "1_gram": 3.4313661172558376, "2_gram": 5.362732234511675, "3_gram": 7.276856972457167, "4_gram": 8.67014837706933}}