{".@corybooker &amp; @senatormenendez join senators in introducing common sense gun laws: URL": {"compound": -0.0516, "neg": 0.164, "neu": 0.685, "pos": 0.151, "1_gram": 5.551570325099737, "2_gram": 10.083532807062216, "3_gram": 14.093273066802475, "4_gram": 17.05755878108819, "charc": 91, "wordc": 12, "excc": 0, "quesc": 0, "quotec": 0, "captc": 0}}