{".@corybooker &amp; @senatormenendez join senators in introducing common sense gun laws: URL": {"sentiment_analysis_weight": {"neg": 0.164, "neu": 0.685, "pos": 0.151, "compound": -0.0516}, "1_gram": 5.554184704184705, "2_gram": 10.086147186147183, "3_gram": 14.095887445887442, "4_gram": 17.060173160173157}}