{"enough is enough. we must work around the clock to prevent senseless gun violence. here\u2019s one of many solutions: \nURL": {"sentiment_analysis_weight": {"neg": 0.257, "neu": 0.632, "pos": 0.111, "compound": -0.6908}, "1_gram": 4.734743097203572, "2_gram": 9.247263972184921, "3_gram": 13.373819934885567, "4_gram": 17.100375897586215}, "congress must take gun violence as seriously as the threat of terrorism. if you agree, call your representatives today.": {"sentiment_analysis_weight": {"neg": 0.511, "neu": 0.41, "pos": 0.079, "compound": -0.9287}, "1_gram": 6.0513807074151895, "2_gram": 11.80276141483038, "3_gram": 16.47721904532249, "4_gram": 20.751676675814597}, "this senseless violence must end\u2014thoughts and prayers are simply not enough. we must act to prevent this from happening again.": {"sentiment_analysis_weight": {"neg": 0.169, "neu": 0.785, "pos": 0.045, "compound": -0.6124}, "1_gram": 5.043895424005626, "2_gram": 9.040171800392205, "3_gram": 11.945539085869694, "4_gram": 14.728528748969552}, "devastated to hear of the horrific tragedy in las vegas. my heart is with the victims and families. grateful to the responders at the scene.": {"sentiment_analysis_weight": {"neg": 0.396, "neu": 0.525, "pos": 0.079, "compound": -0.9201}, "1_gram": 4.431715243867523, "2_gram": 6.863430487735047, "3_gram": 9.276215763596879, "4_gram": 10.989001039458712}}