{"my thoughts and prayers are with all those impacted by this horrific tragedy. HASH_TAG hURL": {"sentiment_analysis_weight": {"neg": 0.426, "neu": 0.574, "pos": 0.0, "compound": -0.8922}, "1_gram": 2.4988881002038896, "2_gram": 4.426347628979206, "3_gram": 6.185308989256358, "4_gram": 7.831139036402194}}