{"My thoughts and prayers are with all those impacted by this horrific tragedy. HASH_TAG URL": {"compound": -0.8922, "neg": 0.426, "neu": 0.574, "pos": 0.0, "1_gram": 2.0184959433411445, "2_gram": 3.9459554721164616, "3_gram": 5.704916832393613, "4_gram": 7.350746879539449, "charc": 90, "wordc": 15, "excc": 0, "quesc": 0, "quotec": 0, "captc": 0}}