{"I join the @UofA community in remembering alum Christina Duarte who was senselessly killed during HASH_TAG URL": {"compound": -0.5106, "neg": 0.217, "neu": 0.676, "pos": 0.106, "1_gram": 8.713609818173712, "2_gram": 17.362157247755622, "3_gram": 25.48506365169651, "4_gram": 32.599349365982235, "charc": 110, "wordc": 17, "excc": 0, "quesc": 0, "quotec": 0, "captc": 0}, "Praying Jovanna Calzadillas of Salt River HASH_TAG makes a full recovery following the horrific HASH_TAG URL": {"compound": -0.4404, "neg": 0.221, "neu": 0.653, "pos": 0.126, "1_gram": 8.367172921736815, "2_gram": 16.623828909427285, "3_gram": 23.854843871476728, "4_gram": 29.94300169066902, "charc": 108, "wordc": 16, "excc": 0, "quesc": 0, "quotec": 0, "captc": 0}, "Must-read @MJGerson @washingtonpost: \"How we should pray after Las Vegas\" URL": {"compound": 0.3182, "neg": 0.0, "neu": 0.827, "pos": 0.173, "1_gram": 3.9181748150939475, "2_gram": 7.739818710127565, "3_gram": 10.542594680632865, "4_gram": 12.326502726609874, "charc": 77, "wordc": 12, "excc": 0, "quesc": 0, "quotec": 2, "captc": 0}, "If you are trying to locate a loved one, please call: 1-866-535-5654. HASH_TAG": {"compound": 0.7351, "neg": 0.0, "neu": 0.659, "pos": 0.341, "1_gram": 6.502983271024508, "2_gram": 12.837468373550848, "3_gram": 18.130286809410517, "4_gram": 22.384643706808653, "charc": 78, "wordc": 16, "excc": 0, "quesc": 0, "quotec": 0, "captc": 0}, "Cindy &amp; I are praying for the victims of the terrible HASH_TAG &amp; their families. We appreciate the bravery of all first responders.": {"compound": 0.4588, "neg": 0.175, "neu": 0.552, "pos": 0.273, "1_gram": 3.4201069257588794, "2_gram": 5.768785280089184, "3_gram": 8.028574745530603, "4_gram": 10.1659865885944, "charc": 139, "wordc": 23, "excc": 0, "quesc": 0, "quotec": 0, "captc": 0}}