{"i say to @potus come out &amp; support a law to ban bump stocks, the modification used by the las vegas gunman to make his weapons automatic.": {"compound": -0.5859, "neg": 0.208, "neu": 0.705, "pos": 0.087, "1_gram": 8.889786312887981, "2_gram": 17.400784746988077, "3_gram": 24.578449847754843, "4_gram": 30.745805670171084, "charc": 141, "wordc": 27, "excc": 0, "quesc": 0, "quotec": 0, "captc": 0}, "look, i'm glad @potus is going to las vegas tomorrow, that's a good idea. but he's got more to do. URL": {"compound": 0.4497, "neg": 0.0, "neu": 0.811, "pos": 0.189, "1_gram": 6.039511707348372, "2_gram": 11.559415571559489, "3_gram": 16.922753779204953, "4_gram": 22.025782708499886, "charc": 102, "wordc": 24, "excc": 0, "quesc": 0, "quotec": 0, "captc": 0}, "@potus @realdonaldtrump .@realdonaldtrump it's time to stand up to the @nra &amp; stand up for the over 30,000 american\u2026 URL": {"compound": 0.0, "neg": 0.0, "neu": 1.0, "pos": 0.0, "1_gram": 5.326975069244156, "2_gram": 10.575518765939293, "3_gram": 15.240729129301096, "4_gram": 18.572606159329563, "charc": 124, "wordc": 22, "excc": 0, "quesc": 0, "quotec": 0, "captc": 0}, "@potus .@realdonaldtrump come out against the gop's absurd silencers law. say youll veto it. bring congress tgtr &amp;\u2026 URL": {"compound": 0.0, "neg": 0.0, "neu": 1.0, "pos": 0.0, "1_gram": 8.126902489554618, "2_gram": 16.175373606560218, "3_gram": 23.868289168010268, "4_gram": 30.311204729460307, "charc": 123, "wordc": 20, "excc": 0, "quesc": 0, "quotec": 0, "captc": 0}, "@potus after HASH_TAG, @potus should remember he ran as an outsider who wasn't beholden to special interests. it's time to buck the nra. 2/": {"compound": 0.5719, "neg": 0.0, "neu": 0.817, "pos": 0.183, "1_gram": 10.04474490792964, "2_gram": 19.780666286447513, "3_gram": 29.01658766496539, "4_gram": 38.21824732818709, "charc": 139, "wordc": 26, "excc": 0, "quesc": 0, "quotec": 0, "captc": 0}, "we cannot banish evil or madness frm the earth. but congress &amp; @potus must do all in our power to make our country a safer place to live. 1/": {"compound": 0.6918, "neg": 0.06, "neu": 0.705, "pos": 0.235, "1_gram": 9.066523580813866, "2_gram": 17.949139115650723, "3_gram": 25.998421317154236, "4_gram": 33.03739424030724, "charc": 144, "wordc": 29, "excc": 0, "quesc": 0, "quotec": 0, "captc": 0}, "the first duty of good government: to keep one\u2019s people safe. i'll speak more on that live in a few minutes. watch: URL": {"compound": 0.7003, "neg": 0.0, "neu": 0.775, "pos": 0.225, "1_gram": 8.397259644864777, "2_gram": 16.76629075693712, "3_gram": 24.73532186900947, "4_gram": 31.204352981081822, "charc": 119, "wordc": 25, "excc": 0, "quesc": 0, "quotec": 0, "captc": 0}, "tune in now for an important hearing on the HASH_TAG &amp; what the future holds for HASH_TAG recipients: URL": {"compound": 0.2023, "neg": 0.0, "neu": 0.909, "pos": 0.091, "1_gram": 6.259895620493998, "2_gram": 11.50018339785074, "3_gram": 15.726185460921771, "4_gram": 19.7598798316851, "charc": 109, "wordc": 19, "excc": 0, "quesc": 0, "quotec": 0, "captc": 0}}