{"\u201cbump stocks\u201d provide an effective workaround to convert a legal weapon into an illegal one. we need to ban them an\u2026 URL": {"sentiment_analysis_weight": {"neg": 0.313, "neu": 0.533, "pos": 0.153, "compound": -0.7003}, "1_gram": 9.354129777281214, "2_gram": 18.18603733234022, "3_gram": 26.417944887399223, "4_gram": 33.48318577579155}, "what happened in las vegas is a tragedy. but it's one we continue to repeat. we need commonsense legislation to sav\u2026 URL": {"sentiment_analysis_weight": {"neg": 0.119, "neu": 0.881, "pos": 0.0, "compound": -0.4019}, "1_gram": 6.594085404442353, "2_gram": 12.915948586662486, "3_gram": 17.737811768882615, "4_gram": 22.53507995846652}, "common sense suggests that we have got to do everything possible to prevent the conversion of semi-automatic rifles\u2026 URL": {"sentiment_analysis_weight": {"neg": 0.0, "neu": 0.945, "pos": 0.055, "compound": 0.0258}, "1_gram": 7.213014092200014, "2_gram": 14.203805962177809, "3_gram": 19.944597832155594, "4_gram": 24.352056368800053}, "there is no reason for any civilian to own an automatic weapon.": {"sentiment_analysis_weight": {"neg": 0.306, "neu": 0.694, "pos": 0.0, "compound": -0.5267}, "1_gram": 5.433774190631216, "2_gram": 10.117548381262434, "3_gram": 14.41535765961295, "4_gram": 18.4465002712968}, "it\u2019s too late for the victims in las vegas, but it's not too late to prevent more innocent americans from becoming victims of gun violence.": {"sentiment_analysis_weight": {"neg": 0.36, "neu": 0.513, "pos": 0.127, "compound": -0.8645}, "1_gram": 4.246837179516264, "2_gram": 8.385719813577973, "3_gram": 12.440686363723607, "4_gram": 16.227471095687434}, "jane and i are deeply saddened to hear that vermonter sandy casey was among the victims in vegas. our hearts are wi\u2026 URL": {"sentiment_analysis_weight": {"neg": 0.231, "neu": 0.769, "pos": 0.0, "compound": -0.7178}, "1_gram": 7.98823174261721, "2_gram": 14.954241263012191, "3_gram": 20.89802856118496, "4_gram": 26.757899775441643}, "it is long past time for congress to take action on gun safety to save innocent lives.": {"sentiment_analysis_weight": {"neg": 0.101, "neu": 0.546, "pos": 0.353, "compound": 0.7184}, "1_gram": 4.028961091359355, "2_gram": 7.79542218271871, "3_gram": 11.175918361797363, "4_gram": 13.556414540876013}, "it should be clear that we have got to do everything we can to stop guns from falling into the hands of people who should not have them.": {"sentiment_analysis_weight": {"neg": 0.121, "neu": 0.796, "pos": 0.083, "compound": -0.0516}, "1_gram": 6.7228531516080405, "2_gram": 13.216539636549408, "3_gram": 19.438797550062212, "4_gram": 25.407087209606757}, "last night\u2019s attack is the deadliest mass shooting in our country's modern history. this year there have been more mass shootings than days.": {"sentiment_analysis_weight": {"neg": 0.124, "neu": 0.876, "pos": 0.0, "compound": -0.4767}, "1_gram": 7.572453612061948, "2_gram": 13.944907224123895, "3_gram": 19.78402750285251, "4_gram": 24.58468624311959}, "i also want to thank the first responders who did an outstanding job responding to this tragedy, saving many lives.": {"sentiment_analysis_weight": {"neg": 0.187, "neu": 0.535, "pos": 0.278, "compound": 0.1406}, "1_gram": 7.584650501767459, "2_gram": 14.923846458080371, "3_gram": 21.063042414393276, "4_gram": 25.702238370706187}, "my thoughts are with the families and friends of the victims and all those wounded in the horrific shooting in las vegas.": {"sentiment_analysis_weight": {"neg": 0.233, "neu": 0.66, "pos": 0.108, "compound": -0.5574}, "1_gram": 1.944594113313645, "2_gram": 3.7988917306704177, "3_gram": 5.491464280641748, "4_gram": 7.1312895778658225}}