{"\u201cBump stocks\u201d provide an effective workaround to convert a legal weapon into an illegal one. We need to ban them an\u2026 URL": {"compound": -0.7003, "neg": 0.313, "neu": 0.533, "pos": 0.153, "1_gram": 9.351515398196247, "2_gram": 18.183422953255253, "3_gram": 26.415330508314256, "4_gram": 33.48057139670658, "charc": 120, "wordc": 22, "excc": 0, "quesc": 0, "quotec": 0, "captc": 0}, "What happened in Las Vegas is a tragedy. But it's one we continue to repeat. We need commonsense legislation to sav\u2026 URL": {"compound": -0.4019, "neg": 0.119, "neu": 0.881, "pos": 0.0, "1_gram": 6.591471025357386, "2_gram": 12.913334207577519, "3_gram": 17.735197389797648, "4_gram": 22.53246557938155, "charc": 120, "wordc": 23, "excc": 0, "quesc": 0, "quotec": 0, "captc": 0}, "Common sense suggests that we have got to do everything possible to prevent the conversion of semi-automatic rifles\u2026 URL": {"compound": 0.0258, "neg": 0.0, "neu": 0.945, "pos": 0.055, "1_gram": 7.210399713115047, "2_gram": 14.201191583092841, "3_gram": 19.941983453070627, "4_gram": 24.349441989715086, "charc": 120, "wordc": 20, "excc": 0, "quesc": 0, "quotec": 0, "captc": 0}, "There is no reason for any civilian to own an automatic weapon.": {"compound": -0.5267, "neg": 0.306, "neu": 0.694, "pos": 0.0, "1_gram": 5.433774190631216, "2_gram": 10.117548381262434, "3_gram": 14.41535765961295, "4_gram": 18.4465002712968, "charc": 63, "wordc": 12, "excc": 0, "quesc": 0, "quotec": 0, "captc": 0}, "It\u2019s too late for the victims in Las Vegas, but it's not too late to prevent more innocent Americans from becoming victims of gun violence.": {"compound": -0.8645, "neg": 0.36, "neu": 0.513, "pos": 0.127, "1_gram": 4.246837179516264, "2_gram": 8.385719813577973, "3_gram": 12.440686363723607, "4_gram": 16.227471095687434, "charc": 139, "wordc": 27, "excc": 0, "quesc": 0, "quotec": 0, "captc": 0}, "Jane and I are deeply saddened to hear that Vermonter Sandy Casey was among the victims in Vegas. Our hearts are wi\u2026 URL": {"compound": -0.7178, "neg": 0.231, "neu": 0.769, "pos": 0.0, "1_gram": 7.985617363532243, "2_gram": 14.951626883927224, "3_gram": 20.895414182099994, "4_gram": 26.755285396356676, "charc": 120, "wordc": 23, "excc": 0, "quesc": 0, "quotec": 0, "captc": 0}, "It is long past time for Congress to take action on gun safety to save innocent lives.": {"compound": 0.7184, "neg": 0.101, "neu": 0.546, "pos": 0.353, "1_gram": 4.028961091359355, "2_gram": 7.79542218271871, "3_gram": 11.175918361797363, "4_gram": 13.556414540876013, "charc": 86, "wordc": 17, "excc": 0, "quesc": 0, "quotec": 0, "captc": 0}, "It should be clear that we have got to do everything we can to stop guns from falling into the hands of people who should not have them.": {"compound": -0.0516, "neg": 0.121, "neu": 0.796, "pos": 0.083, "1_gram": 6.7228531516080405, "2_gram": 13.216539636549408, "3_gram": 19.438797550062212, "4_gram": 25.407087209606757, "charc": 136, "wordc": 28, "excc": 0, "quesc": 0, "quotec": 0, "captc": 0}, "Last night\u2019s attack is the deadliest mass shooting in our country's modern history. This year there have been more mass shootings than days.": {"compound": -0.4767, "neg": 0.124, "neu": 0.876, "pos": 0.0, "1_gram": 7.572453612061948, "2_gram": 13.944907224123895, "3_gram": 19.78402750285251, "4_gram": 24.58468624311959, "charc": 140, "wordc": 25, "excc": 0, "quesc": 0, "quotec": 0, "captc": 0}, "I also want to thank the first responders who did an outstanding job responding to this tragedy, saving many lives.": {"compound": 0.1406, "neg": 0.187, "neu": 0.535, "pos": 0.278, "1_gram": 7.584650501767459, "2_gram": 14.923846458080371, "3_gram": 21.063042414393276, "4_gram": 25.702238370706187, "charc": 115, "wordc": 20, "excc": 0, "quesc": 0, "quotec": 0, "captc": 0}, "My thoughts are with the families and friends of the victims and all those wounded in the horrific shooting in Las Vegas.": {"compound": -0.5574, "neg": 0.233, "neu": 0.66, "pos": 0.108, "1_gram": 1.944594113313645, "2_gram": 3.7988917306704177, "3_gram": 5.491464280641748, "4_gram": 7.1312895778658225, "charc": 121, "wordc": 22, "excc": 0, "quesc": 0, "quotec": 0, "captc": 0}}