{"i say to @potus come out &amp; support a law to ban bump stocks, the modification used by the las vegas gunman to make his weapons automatic.": {"sentiment_analysis_weight": {"neg": 0.208, "neu": 0.705, "pos": 0.087, "compound": -0.5859}, "1_gram": 8.889786312887981, "2_gram": 17.400784746988077, "3_gram": 24.578449847754843, "4_gram": 30.745805670171084}, "look, i'm glad @potus is going to las vegas tomorrow, that's a good idea. but he's got more to do. URL": {"sentiment_analysis_weight": {"neg": 0.0, "neu": 0.811, "pos": 0.189, "compound": 0.4497}, "1_gram": 6.042126086433339, "2_gram": 11.562029950644456, "3_gram": 16.92536815828992, "4_gram": 22.028397087584853}, "@potus @realdonaldtrump .@realdonaldtrump it's time to stand up to the @nra &amp; stand up for the over 30,000 american\u2026 URL": {"sentiment_analysis_weight": {"neg": 0.0, "neu": 1.0, "pos": 0.0, "compound": 0.0}, "1_gram": 5.3295894483291235, "2_gram": 10.57813314502426, "3_gram": 15.243343508386063, "4_gram": 18.57522053841453}, "@potus .@realdonaldtrump come out against the gop's absurd silencers law. say youll veto it. bring congress tgtr &amp;\u2026 URL": {"sentiment_analysis_weight": {"neg": 0.0, "neu": 1.0, "pos": 0.0, "compound": 0.0}, "1_gram": 8.129516868639586, "2_gram": 16.177987985645185, "3_gram": 23.870903547095235, "4_gram": 30.313819108545275}, "@potus after HASH_TAG, @potus should remember he ran as an outsider who wasn't beholden to special interests. it's time to buck the nra. 2/": {"sentiment_analysis_weight": {"neg": 0.0, "neu": 0.817, "pos": 0.183, "compound": 0.5719}, "1_gram": 10.04474490792964, "2_gram": 19.780666286447513, "3_gram": 29.01658766496539, "4_gram": 38.21824732818709}, "we cannot banish evil or madness frm the earth. but congress &amp; @potus must do all in our power to make our country a safer place to live. 1/": {"sentiment_analysis_weight": {"neg": 0.06, "neu": 0.705, "pos": 0.235, "compound": 0.6918}, "1_gram": 9.066523580813866, "2_gram": 17.949139115650723, "3_gram": 25.998421317154236, "4_gram": 33.03739424030724}, "the first duty of good government: to keep one\u2019s people safe. i'll speak more on that live in a few minutes. watch: URL": {"sentiment_analysis_weight": {"neg": 0.0, "neu": 0.775, "pos": 0.225, "compound": 0.7003}, "1_gram": 8.399874023949744, "2_gram": 16.768905136022088, "3_gram": 24.73793624809444, "4_gram": 31.20696736016679}, "tune in now for an important hearing on the HASH_TAG &amp; what the future holds for HASH_TAG recipientsURL3b": {"sentiment_analysis_weight": {"neg": 0.0, "neu": 0.904, "pos": 0.096, "compound": 0.2023}, "1_gram": 6.240287777356743, "2_gram": 10.480575554713486, "3_gram": 14.68093659214349, "4_gram": 18.69379762957349}}