{"Tragedies like Las Vegas have happened too many times. We need to have the conversation about how to stop gun violence. We need it NOW.": {"compound": -0.8442, "neg": 0.34, "neu": 0.587, "pos": 0.073, "1_gram": 6.131057421133066, "2_gram": 11.09544817559946, "3_gram": 15.497338930065855, "4_gram": 19.713695093337297, "charc": 135, "wordc": 25, "excc": 0, "quesc": 0, "quotec": 0, "captc": 1}, "Thoughts &amp; prayers are NOT enough. Not when more moms &amp; dads will bury kids this week, &amp; more sons &amp; daughters will grow up without parents.": {"compound": 0.0, "neg": 0.0, "neu": 1.0, "pos": 0.0, "1_gram": 11.61191031191031, "2_gram": 22.080963480963476, "3_gram": 31.527794427794422, "4_gram": 40.683716283716294, "charc": 156, "wordc": 27, "excc": 0, "quesc": 0, "quotec": 0, "captc": 1}, "I\u2019m heartsick for people in Nevada &amp; across the country who woke up to this news &amp; are worried that their family &amp; friends are ok.": {"compound": 0.4767, "neg": 0.075, "neu": 0.746, "pos": 0.18, "1_gram": 6.80854452012024, "2_gram": 12.571634494785933, "3_gram": 18.046262930990093, "4_gram": 22.52089136719425, "charc": 142, "wordc": 27, "excc": 0, "quesc": 0, "quotec": 0, "captc": 0}, "I\u2019m heartsick for the victims of last night\u2019s massacre in Las Vegas &amp; their loved ones.": {"compound": 0.3818, "neg": 0.12, "neu": 0.677, "pos": 0.203, "1_gram": 2.906849729096271, "2_gram": 5.518244912737996, "3_gram": 7.712973429713059, "4_gram": 9.316792855779022, "charc": 91, "wordc": 18, "excc": 0, "quesc": 0, "quotec": 0, "captc": 0}}