{"tragedies like las vegas have happened too many times. we need to have the conversation about how to stop gun violence. we need it now.": {"sentiment_analysis_weight": {"neg": 0.34, "neu": 0.587, "pos": 0.073, "compound": -0.8442}, "1_gram": 6.131057421133066, "2_gram": 11.09544817559946, "3_gram": 15.497338930065855, "4_gram": 19.713695093337297}, "thoughts &amp; prayers are not enough. not when more moms &amp; dads will bury kids this week, &amp; more sons &amp; daughters will grow up without parents.": {"sentiment_analysis_weight": {"neg": 0.0, "neu": 1.0, "pos": 0.0, "compound": 0.0}, "1_gram": 11.61191031191031, "2_gram": 22.080963480963476, "3_gram": 31.527794427794422, "4_gram": 40.683716283716294}, "i\u2019m heartsick for people in nevada &amp; across the country who woke up to this news &amp; are worried that their family &amp; friends are ok.": {"sentiment_analysis_weight": {"neg": 0.075, "neu": 0.746, "pos": 0.18, "compound": 0.4767}, "1_gram": 6.80854452012024, "2_gram": 12.571634494785933, "3_gram": 18.046262930990093, "4_gram": 22.52089136719425}, "i\u2019m heartsick for the victims of last night\u2019s massacre in las vegas &amp; their loved ones.": {"sentiment_analysis_weight": {"neg": 0.12, "neu": 0.677, "pos": 0.203, "compound": 0.3818}, "1_gram": 2.906849729096271, "2_gram": 5.518244912737996, "3_gram": 7.712973429713059, "4_gram": 9.316792855779022}}