{"praying for the families of the fallen, and for our nation, after the senseless evil in HASH_TAG.": {"compound": -0.6597, "neg": 0.295, "neu": 0.598, "pos": 0.107, "1_gram": 1.3985370694868173, "2_gram": 2.6805240224235187, "3_gram": 3.9273919277411724, "4_gram": 4.965639143403654, "charc": 97, "wordc": 17, "excc": 0, "quesc": 0, "quotec": 0, "captc": 0}}