{"Praying for the families of the fallen, and for our nation, after the senseless evil in #LasVegas.": {"sentiment_analysis_weight": {"neg": 0.295, "neu": 0.598, "pos": 0.107, "compound": -0.6597}, "1_gram": 1.4978960438457918, "2_gram": 2.779882996782493, "3_gram": 4.026750902100147, "4_gram": 5.064998117762628}}