{"D": {"creation_dates": ["Mon Oct 02 12:41:16 +0000 2017", "Thu Oct 05 01:33:34 +0000 2017", "Mon Oct 02 15:01:39 +0000 2017", "Mon Oct 02 15:01:04 +0000 2017", "Wed Oct 04 22:05:08 +0000 2017", "Wed Oct 04 21:24:21 +0000 2017", "Wed Oct 04 19:02:11 +0000 2017", "Wed Oct 04 18:01:01 +0000 2017", "Wed Oct 04 17:49:40 +0000 2017", "Mon Oct 02 20:56:49 +0000 2017", "Mon Oct 02 16:55:23 +0000 2017", "Mon Oct 02 16:55:02 +0000 2017", "Mon Oct 02 16:54:50 +0000 2017", "Mon Oct 02 16:54:19 +0000 2017", "Mon Oct 02 16:54:04 +0000 2017", "Sat Oct 07 15:23:11 +0000 2017", "Fri Oct 06 18:21:32 +0000 2017", "Thu Oct 05 15:35:03 +0000 2017", "Thu Oct 05 15:03:23 +0000 2017", "Thu Oct 05 14:59:30 +0000 2017", "Thu Oct 05 01:52:37 +0000 2017", "Thu Oct 05 01:48:34 +0000 2017", "Thu Oct 05 01:33:25 +0000 2017", "Thu Oct 05 01:23:47 +0000 2017", "Wed Oct 04 19:27:08 +0000 2017", "Tue Oct 03 23:04:48 +0000 2017", "Mon Oct 02 17:39:37 +0000 2017", "Mon Oct 02 13:56:16 +0000 2017", "Mon Oct 02 11:25:08 +0000 2017", "Tue Oct 03 01:47:50 +0000 2017", "Thu Oct 05 18:55:08 +0000 2017", "Tue Oct 03 17:52:58 +0000 2017", "Mon Oct 02 12:32:11 +0000 2017", "Mon Oct 02 12:31:23 +0000 2017", "Fri Oct 06 19:13:29 +0000 2017", "Thu Oct 05 02:20:42 +0000 2017", "Wed Oct 04 14:32:59 +0000 2017", "Wed Oct 04 14:08:59 +0000 2017", "Tue Oct 03 13:43:04 +0000 2017", "Tue Oct 10 14:39:07 +0000 2017", "Mon Oct 02 13:43:48 +0000 2017", "Mon Oct 02 13:41:57 +0000 2017", "Mon Oct 02 13:41:00 +0000 2017", "Mon Oct 02 13:40:22 +0000 2017", "Thu Oct 05 13:46:36 +0000 2017", "Tue Oct 03 16:55:28 +0000 2017", "Tue Oct 03 15:13:35 +0000 2017", "Tue Oct 03 15:09:02 +0000 2017", "Tue Oct 03 15:07:18 +0000 2017", "Tue Oct 03 15:05:58 +0000 2017", "Tue Oct 03 14:14:07 +0000 2017", "Tue Oct 03 14:03:11 +0000 2017", "Mon Oct 02 16:10:22 +0000 2017", "Mon Oct 02 16:09:32 +0000 2017", "Sat Oct 07 14:08:51 +0000 2017", "Wed Oct 04 13:41:47 +0000 2017", "Wed Oct 04 13:40:47 +0000 2017", "Wed Oct 04 13:40:16 +0000 2017", "Wed Oct 04 13:39:44 +0000 2017", "Wed Oct 04 13:39:17 +0000 2017", "Wed Oct 04 13:38:51 +0000 2017"], "hashtags": [["EndGunViolence", 6], ["LasVegas", 4], ["PelosiTownHall", 3], ["GunViolence", 2], ["VegasStrong", 1]], "tweet_count": 61, "avg_compound": -0.17473770491803278, "avg_pos": 0.11893442622950821, "avg_neu": 0.704983606557377, "avg_neg": 0.17609836065573767, "1_grams": [["gun", 22], ["violence", 15], ["vegas", 13], ["las", 12], ["must", 12]], "2_grams": [["gun violence", 14], ["las vegas", 12], ["in las", 8], ["the victims", 7], ["it s", 7]], "3_grams": [["in las vegas", 8], ["it s time", 4], ["for the victims", 3], ["the victims in", 3], ["if this were", 3]], "4_grams": [["if this were a", 3], ["for the victims in", 2], ["the victims in las", 2], ["victims in las vegas", 2], ["that we have got", 2]], "avg_charc": 118.4754098360656, "avg_wordc": 21.606557377049178, "avg_excc": 0.0, "avg_quesc": 0.06557377049180328, "avg_quotec": 0.0, "avg_urlc": 0.3934426229508198, "avg_captc": 0.27868852459016397}, "R": {"creation_dates": ["Wed Oct 11 19:49:21 +0000 2017", "Thu Oct 05 10:44:19 +0000 2017", "Thu Oct 05 01:08:28 +0000 2017", "Wed Oct 04 23:36:37 +0000 2017", "Wed Oct 04 15:49:17 +0000 2017", "Wed Oct 04 00:20:48 +0000 2017", "Tue Oct 03 21:22:19 +0000 2017", "Mon Oct 02 11:11:37 +0000 2017", "Wed Oct 04 18:30:03 +0000 2017", "Wed Oct 04 18:03:53 +0000 2017", "Tue Oct 03 13:42:37 +0000 2017", "Mon Oct 02 14:08:08 +0000 2017", "Mon Oct 02 14:06:50 +0000 2017", "Mon Oct 02 16:57:33 +0000 2017", "Thu Oct 05 19:02:55 +0000 2017", "Wed Oct 04 23:15:44 +0000 2017", "Tue Oct 03 17:07:06 +0000 2017", "Tue Oct 03 16:06:16 +0000 2017", "Mon Oct 02 16:02:09 +0000 2017", "Mon Oct 02 15:40:14 +0000 2017", "Mon Oct 02 14:07:06 +0000 2017", "Mon Oct 02 12:14:04 +0000 2017", "Mon Oct 02 12:53:05 +0000 2017", "Mon Oct 02 12:03:16 +0000 2017", "Mon Oct 02 21:00:37 +0000 2017", "Mon Oct 02 13:54:24 +0000 2017", "Mon Oct 02 13:54:06 +0000 2017", "Mon Oct 02 11:34:06 +0000 2017", "Mon Oct 02 13:09:11 +0000 2017", "Mon Oct 02 11:58:22 +0000 2017", "Mon Oct 09 03:22:00 +0000 2017", "Wed Oct 04 22:29:39 +0000 2017", "Tue Oct 03 22:16:19 +0000 2017", "Mon Oct 02 19:34:42 +0000 2017", "Mon Oct 02 17:01:01 +0000 2017", "Mon Oct 02 11:16:46 +0000 2017", "Sun Oct 08 02:16:10 +0000 2017", "Sun Oct 08 00:32:19 +0000 2017", "Sat Oct 07 20:49:46 +0000 2017", "Sat Oct 07 20:48:01 +0000 2017", "Sat Oct 07 20:45:45 +0000 2017", "Sat Oct 07 20:29:11 +0000 2017", "Sat Oct 07 20:26:53 +0000 2017", "Sat Oct 07 20:25:52 +0000 2017", "Sat Oct 07 20:25:11 +0000 2017", "Sat Oct 07 20:24:35 +0000 2017", "Sat Oct 07 20:21:43 +0000 2017", "Sat Oct 07 20:20:29 +0000 2017", "Sat Oct 07 20:18:26 +0000 2017", "Sat Oct 07 20:16:50 +0000 2017", "Sat Oct 07 19:36:28 +0000 2017", "Sat Oct 07 15:47:17 +0000 2017", "Thu Oct 05 17:18:06 +0000 2017", "Wed Oct 04 14:07:53 +0000 2017", "Wed Oct 04 01:07:29 +0000 2017", "Wed Oct 04 00:19:45 +0000 2017", "Tue Oct 03 23:46:34 +0000 2017", "Mon Oct 02 15:07:55 +0000 2017", "Mon Oct 02 11:33:20 +0000 2017", "Mon Oct 02 11:32:54 +0000 2017", "Mon Oct 02 11:32:40 +0000 2017"], "hashtags": [["VegasStrong", 9], ["LasVegasShooting", 4], ["LasVegas", 4], ["Arizona", 1], ["PrayForLasVegas", 1]], "tweet_count": 61, "avg_compound": 0.025599999999999977, "avg_pos": 0.15547540983606556, "avg_neu": 0.7048360655737707, "avg_neg": 0.13973770491803278, "1_grams": [["las", 39], ["vegas", 38], ["victims", 14], ["first", 12], ["responders", 12]], "2_grams": [["las vegas", 38], ["in las", 16], ["of the", 13], ["first responders", 12], ["the victims", 11]], "3_grams": [["in las vegas", 15], ["https t co", 9], ["the las vegas", 6], ["las vegas shooting", 5], ["praying for the", 5]], "4_grams": [["hash_tag https t co", 5], ["be in las vegas", 3], ["las vegas https t", 3], ["vegas https t co", 3], ["praying for the victims", 3]], "avg_charc": 112.77049180327869, "avg_wordc": 20.327868852459016, "avg_excc": 0.09836065573770493, "avg_quesc": 0.0, "avg_quotec": 0.0819672131147541, "avg_urlc": 0.4098360655737706, "avg_captc": 0.5081967213114755}, "L": {"creation_dates": ["Tue Oct 03 22:00:01 +0000 2017", "Tue Oct 03 19:33:54 +0000 2017", "Tue Oct 03 18:35:46 +0000 2017", "Tue Oct 03 16:48:51 +0000 2017"], "hashtags": [], "tweet_count": 4, "avg_compound": -0.680075, "avg_pos": 0.0685, "avg_neu": 0.55325, "avg_neg": 0.3785, "1_grams": [["https", 4], ["co", 4], ["las", 2], ["vegas", 2], ["slaughter", 2]], "2_grams": [["https t", 4], ["t co", 4], ["las vegas", 2], ["vegas slaughter", 2], ["slaughter conspiracy", 2]], "3_grams": [["https t co", 4], ["las vegas slaughter", 2], ["vegas slaughter conspiracy", 2], ["slaughter conspiracy or", 2], ["conspiracy or lone", 2]], "4_grams": [["las vegas slaughter conspiracy", 2], ["vegas slaughter conspiracy or", 2], ["slaughter conspiracy or lone", 2], ["conspiracy or lone nut", 2], ["or lone nut url", 2]], "avg_charc": 77.5, "avg_wordc": 11.75, "avg_excc": 0.0, "avg_quesc": 0.75, "avg_quotec": 0.0, "avg_urlc": 0.5, "avg_captc": 0.0}}